الصنف,وزن الكرتونة (كيلو),المخطط بالكراتين (شهري),يوم 1,يوم 2,يوم 3,يوم 4,يوم 5,يوم 6,يوم 7,يوم 8,يوم 9,يوم 10,يوم 11,يوم 12,يوم 13,يوم 14,يوم 15,يوم 16,يوم 17,يوم 18,يوم 19,يوم 20,يوم 21,يوم 22,يوم 23,يوم 24,يوم 25,يوم 26,يوم 27,يوم 28,يوم 29,يوم 30,يوم 31
سولا قهوة 10 كيلو,10.0,1500,0,0,0,1059,0,482,0,0,0,0,0,0,0,0,0,0,0,0,0,0,0,0,0,0,0,0,0,0,0,0,0
سولا قهوه 12 علبه * 240 قطعه,11.52,2000,0,0,0,0,0,0,0,610,818,0,0,49,635,1502,572,0,0,0,0,0,0,0,0,0,0,0,0,0,0,0,0
سولا قهوه 12 كيس * 120 قطعه,5.8,3000,0,0,0,0,0,642,0,0,0,0,0,0,0,0,0,0,0,0,392,0,0,0,0,0,0,0,0,0,0,0,0
سولا قهوة 12 كيس * 55 قطعه,2.6,4000,0,0,0,0,0,692,0,470,0,0,0,0,0,0,164,0,0,0,1092,0,0,0,0,0,0,0,0,0,0,0,0
سولا زبده 10 كيلو,10.0,1500,0,0,0,0,0,0,0,0,0,0,531,213,0,0,0,0,0,0,0,0,0,0,0,0,0,0,0,0,0,0,0
سولا زبده 12 علبه * 240 قطعه,11.52,1500,211,0,0,57,0,0,755,104,0,0,229,220,0,0,0,0,0,0,162,0,0,0,0,0,0,0,0,0,0,0,0
سولا زبده 12 كيس * 120 قطعه,5.76,4000,752,0,0,0,0,0,0,0,0,0,586,0,0,0,0,0,0,0,0,0,0,0,0,0,0,0,0,0,0,0,0
سولا زبده 12 كيس * 55 قطعه,2.6,3000,1028,0,0,0,0,0,0,0,0,0,450,0,0,0,0,849,0,0,346,0,0,0,0,0,0,0,0,0,0,0,0
سولا سوبر فيينا 10 كيلو فواكه,10.0,4000,0,0,0,0,0,0,0,191,0,0,288,0,0,0,987,0,0,483,0,893,0,0,0,0,0,0,0,0,0,0,0
سولا فواكه 12 علبه * 240 قطعه,11.52,3000,465,0,0,0,0,0,0,0,0,0,0,0,0,0,0,0,0,220,0,0,0,0,0,0,0,0,0,0,0,0,0
سولا فواكه 12 كيس * 100 قطعه,4.8,3000,0,0,0,0,0,0,0,0,0,0,0,0,0,0,0,1854,0,0,0,0,0,0,0,0,0,0,0,0,0,0,0
سولا سوبر فيينا 10 كيلو نعناع,10.0,2500,0,0,0,0,403,0,0,0,0,0,67,1249,0,0,663,0,0,0,0,0,0,0,0,0,0,0,0,0,0,0,0
سولا نعناع 12 علبه * 240 قطعه,11.52,1000,0,0,0,0,0,0,0,0,0,0,0,0,0,0,0,0,0,0,0,0,0,0,0,0,0,0,0,0,0,0,0
سولا نعناع 12 كيس * 100 قطعه,4.8,3000,0,0,0,0,1180,0,0,0,0,0,0,0,170,0,0,0,0,494,0,0,0,0,0,0,0,0,0,0,0,0,0
سولا كاندي 12 كيس * 700 جرام الصين,8.4,1030,0,0,0,0,0,0,0,0,0,0,0,0,0,0,0,0,0,0,0,0,0,0,0,0,0,0,0,0,0,0,0
سولا طلبية كينيا GBL,0.0,3290,0,0,0,0,0,0,0,0,0,0,0,0,0,0,0,0,0,0,0,0,0,0,0,0,0,0,0,0,0,0,0
سولا قهوه 6 علبه * 24 كيس ليبيا,4.7,950,0,0,0,0,0,0,0,0,101,0,100,30,0,0,100,69,0,0,0,0,0,0,0,0,0,0,0,0,0,0,0
سولا نعناع 6علبه * 24 كيس _ليبيا,4.7,0,0,0,0,0,0,0,0,0,0,0,0,0,0,0,0,0,0,60,175,155,0,0,0,0,0,0,0,0,0,0,0
سولا زبده ش 18 قطعه * 30 كيس _ليبيا,2.2,0,0,0,0,0,0,0,0,0,0,0,0,0,0,0,0,0,0,0,0,250,0,0,0,0,0,0,0,0,0,0,0
سولا قهوه 30 كيس * 18 قطعه,2.2,0,0,0,0,0,0,0,0,0,0,0,0,0,0,250,0,0,0,0,0,0,0,0,0,0,0,0,0,0,0,0,0
سولا نعناع 30 كيس * 18 قطعه _ليبيا,2.2,0,0,0,0,0,0,0,0,0,0,0,0,0,0,0,0,0,0,300,0,0,0,0,0,0,0,0,0,0,0,0,0
سولا كاندي الكيس الصغير 18 قطعه ليبيا,2.2,900,0,0,0,0,0,0,0,0,0,0,0,0,0,0,0,0,0,0,0,0,0,0,0,0,0,0,0,0,0,0,0
سولا قهوه 10 كيس* 800 جم _ليبيا,8.0,0,0,0,0,0,0,0,0,0,0,0,150,0,0,0,0,0,0,0,0,0,0,0,0,0,0,0,0,0,0,0,0
سولا نعناع 10 كيس * 800 جرام _ليبيا,8.0,0,0,0,0,0,0,0,0,0,0,0,0,0,150,0,0,0,0,0,0,0,0,0,0,0,0,0,0,0,0,0,0
سولا زبده ش 10 كيس * 800 جم,8.0,0,0,0,0,0,0,0,0,0,0,0,0,0,0,0,0,0,0,0,0,150,0,0,0,0,0,0,0,0,0,0,0
سولا كاندي الكيس 800 جرام ليبيا,8.0,450,0,0,0,0,0,0,0,0,0,0,0,0,0,0,0,0,0,0,0,0,0,0,0,0,0,0,0,0,0,0,0
سولا كاندي برطمان 200 قطعه ليبيا,4.8,600,0,0,0,0,0,0,0,0,0,0,0,0,0,0,0,0,0,0,0,0,0,0,0,0,0,0,0,0,0,0,0
طوفى 10 كجم,10.0,6000,400,0,0,0,137,198,209,227,253,0,494,405,406,270,85,648,0,634,100,579,0,0,0,0,0,0,0,0,0,0,0
طوفى 12 كيس * 100 قطعه مشكل,4.8,4000,0,0,0,0,226,223,0,235,0,0,0,0,0,0,0,0,0,0,0,0,0,0,0,0,0,0,0,0,0,0,0
طوفي 30 كيس * 30 قطعه,3.6,1000,0,0,0,0,0,0,313,0,0,0,0,421,380,0,0,0,0,0,0,0,0,0,0,0,0,0,0,0,0,0,0
طوفى 12 علبه * 240 قطعه,11.52,2000,139,0,0,0,198,111,0,200,69,0,0,0,0,0,0,0,0,156,77,0,0,0,0,0,0,0,0,0,0,0,0
طوفي زبده 12 كيس * 25 قطعه,1.2,500,138,0,0,381,0,0,0,0,0,0,0,0,0,0,0,0,0,0,0,0,0,0,0,0,0,0,0,0,0,0,0
طوفي زبده 12 علبه 100 قطعه,4.8,500,0,0,0,110,0,0,0,0,0,0,0,0,0,0,0,0,0,0,0,0,0,0,0,0,0,0,0,0,0,0,0
طوفي شيكولاته 12 كيس * 25 قطعه,1.2,500,0,0,0,701,0,0,0,0,0,0,0,0,0,0,0,0,0,0,0,0,0,0,0,0,0,0,0,0,0,0,0
طوفي شيكولاته 12 علبه 100 قطعه,4.8,500,0,0,0,432,0,0,0,0,0,0,0,0,0,0,0,0,0,0,0,0,0,0,0,0,0,0,0,0,0,0,0
طوفي 12 كيس * 700 جرام الصين,8.4,342,0,0,0,0,0,0,0,0,0,0,0,0,0,0,0,0,0,0,0,0,0,0,0,0,0,0,0,0,0,0,0
طوفي زبده 12 كيس * 700 جرام الصين,8.4,342,0,0,0,0,0,0,0,0,0,0,0,0,0,0,0,0,0,0,0,0,0,0,0,0,0,0,0,0,0,0,0
طوفي شيكولاته 12 كيس * 700 جرام الصين,8.4,342,0,0,0,0,0,0,0,0,0,0,0,0,0,0,0,0,0,0,0,0,0,0,0,0,0,0,0,0,0,0,0
اكلير سايب 10 كيلو,10.0,8000,218,0,0,1018,360,411,579,541,403,0,205,190,0,0,0,0,0,0,292,0,0,0,0,0,0,0,0,0,0,0,0
اكلير 12 كيس * 100 قطعه,7.2,3000,0,0,0,0,0,0,0,0,0,0,0,0,881,408,0,0,0,0,0,0,0,0,0,0,0,0,0,0,0,0,0
اكلير 12قطعه سلاسل,2.2,500,0,0,0,0,0,0,518,0,0,0,0,0,0,0,0,0,0,0,0,101,0,0,0,0,0,0,0,0,0,0,0
اكلير 12 كيس * 45 قطعه,3.2,2000,517,0,0,0,0,0,0,304,0,0,0,0,0,0,0,0,0,0,0,0,0,0,0,0,0,0,0,0,0,0,0
اكلير 12 علبه 200 قطعه,14.4,3000,102,0,0,272,400,392,0,0,0,0,141,403,243,85,177,758,0,475,515,0,0,0,0,0,0,0,0,0,0,0,0
اكلير اوغندا 100 قطعه * 12 كيس _اوغندا,7.2,0,0,0,0,0,0,0,0,0,0,0,0,0,0,0,0,0,0,0,182,1639,0,0,0,0,0,0,0,0,0,0,0
اكلير اسبلاش 100 قطعه * 15 كيس _فلسطين,9.0,0,0,0,0,0,0,0,0,0,0,0,0,0,0,0,0,0,0,0,548,463,0,0,0,0,0,0,0,0,0,0,0
اكلير 12 كيس * 700 جرام الصين,7.0,344,0,0,0,0,0,0,0,0,0,0,0,0,0,0,0,0,0,0,0,0,0,0,0,0,0,0,0,0,0,0,0
اكلير 30 كيس * 18 قطعه ليبيا,3.2,300,0,0,0,0,0,0,0,0,0,0,0,0,0,300,0,0,0,0,0,0,0,0,0,0,0,0,0,0,0,0,0
اكلير 10 كيس * 800 جرام ليبيا,8.0,250,0,0,0,0,0,0,0,0,250,0,0,0,0,0,0,0,0,0,0,0,0,0,0,0,0,0,0,0,0,0,0
اكلير 6 برطمان * 150 قطعه ليبيا,5.4,350,0,0,0,0,0,0,0,0,0,0,0,0,0,0,0,0,0,0,0,0,0,0,0,0,0,0,0,0,0,0,0
اكلير سبانيش لاتيه 6 برطمان * 150 قطعه ليبيا,5.4,100,0,0,0,0,0,0,0,0,0,0,0,0,0,0,0,0,0,0,0,0,0,0,0,0,0,0,0,0,0,0,0
سوفت شيكوهند 12 كيس * 28 قطعه,2.4,400,0,0,0,0,0,0,0,0,0,0,0,0,0,0,0,0,0,0,0,0,0,0,0,0,0,0,0,0,0,0,0
سوفت شيكوهند 12 كيس * 60 قطعه,5.0,400,0,0,0,0,0,0,0,0,0,0,0,0,0,0,0,0,0,0,0,0,0,0,0,0,0,0,0,0,0,0,0
بونبون فواخر 20 كيس * 50 ق - ابو النصر,8.2,631,0,0,0,0,0,0,0,0,0,0,0,0,0,0,0,0,0,0,0,0,0,0,0,0,0,0,0,0,0,0,0
بونبون فواكه 20 كيس * 50 ق - ابو النصر,8.2,1285,0,0,0,0,0,0,0,0,0,0,0,0,0,0,0,0,0,0,0,0,0,0,0,0,0,0,0,0,0,0,0
برتقال لاند 20 كيس* 50 قطعه _ابو النصر,8.5,0,0,0,0,0,0,0,0,0,0,0,0,0,97,0,0,0,0,0,0,0,0,0,0,0,0,0,0,0,0,0,0
فروله لاند50 قطعه * 20 كيس_ابو النصر,8.5,0,0,0,0,0,0,0,0,88,0,0,0,0,0,0,0,0,0,13,0,0,0,0,0,0,0,0,0,0,0,0,0
عنب لاند50 قطعه * 20 كيس_ابو النصر,8.5,0,0,0,0,0,0,0,0,152,100,0,0,0,0,0,0,0,0,0,0,0,0,0,0,0,0,0,0,0,0,0,0
شيكولاند 50 قطعه * 20 كيس _ابو النصر,8.5,0,0,0,0,0,0,0,0,0,0,0,163,0,87,0,0,0,0,0,0,0,0,0,0,0,0,0,0,0,0,0,0
شيكوهند 50 قطعه * 20 كيس _ابو النصر,8.5,0,0,0,0,0,0,0,0,0,0,0,0,0,0,300,0,0,0,0,0,0,0,0,0,0,0,0,0,0,0,0,0
اكسلانت جوز هند 20كيس * 50 قطعه_ابو النصر,8.5,0,0,0,0,0,0,0,0,0,0,0,0,0,0,0,311,0,0,0,0,0,0,0,0,0,0,0,0,0,0,0,0
كوكو لاند 50 قطعه * 20 كيس _ابو النصر,8.5,0,0,0,0,0,0,0,0,0,0,0,0,0,0,0,38,0,0,31,0,0,0,0,0,0,0,0,0,0,0,0,0
سويت لاند 20 كيس * 50 قطعه_ابو النصر,8.5,0,0,0,0,0,0,0,0,0,0,0,0,0,0,0,0,0,0,283,0,0,0,0,0,0,0,0,0,0,0,0,0
اكسلانت شيكولاته 20 كيس * 50 قطعه _ابو النصر,8.5,0,0,0,0,0,0,0,0,0,0,0,0,0,0,0,0,0,0,27,0,0,0,0,0,0,0,0,0,0,0,0,0
مانجو لاند50 قطعه *20 كيس _ابو النصر,8.5,0,0,0,0,0,0,0,0,0,0,0,0,97,173,0,0,0,0,0,0,0,0,0,0,0,0,0,0,0,0,0,0
